<TInstantConnectionDefs><TInstantBDEConnectionDef><Name>ParadoxDB</Name><IsBuilt>TRUE</IsBuilt><BlobStreamFormat>sfXML</BlobStreamFormat><LoginPrompt>FALSE</LoginPrompt><DriverName>STANDARD</DriverName><Parameters>PATH=.\ParadoxDB
DEFAULT DRIVER=PARADOX
ENABLE BCD=TRUE
</Parameters></TInstantBDEConnectionDef><TInstantIBXConnectionDef><Name>FirebirdDB</Name><IsBuilt>TRUE</IsBuilt><BlobStreamFormat>sfXML</BlobStreamFormat><LoginPrompt>FALSE</LoginPrompt><ConnectionString>.\FirebirdDB\PRIMERDB.FDB</ConnectionString><Options>ibxUseDelimitedIdents</Options><Params>User_Name=SYSDBA
Password=masterkey</Params></TInstantIBXConnectionDef></TInstantConnectionDefs>