<TInstantClassMetadatas><TInstantClassMetadata><Name>TSimpleClass</Name><Persistence>peStored</Persistence><StorageName>SIMPLE</StorageName><AttributeMetadatas><TInstantAttributeMetadatas><TInstantAttributeMetadata><Name>StringProperty</Name><AttributeType>atString</AttributeType><IsIndexed>FALSE</IsIndexed><IsRequired>FALSE</IsRequired><Size>10</Size><StorageName>STRING</StorageName></TInstantAttributeMetadata></TInstantAttributeMetadatas></AttributeMetadatas></TInstantClassMetadata></TInstantClassMetadatas>